met_id,met_name,kind,sample,intensity,group,timepoint,sample_type,concentration
M01,inotersen,parent,std_L1_r1,2375.4,,,standard,1
M01,inotersen,parent,std_L1_r2,2506.7,,,standard,1
M01,inotersen,parent,std_L2_r1,9706.9,,,standard,5
M01,inotersen,parent,std_L2_r2,10029.9,,,standard,5
M01,inotersen,parent,std_L3_r1,51022.3,,,standard,25
M01,inotersen,parent,std_L3_r2,49149.4,,,standard,25
M01,inotersen,parent,std_L4_r1,196814.0,,,standard,100
M01,inotersen,parent,std_L4_r2,203819.0,,,standard,100
M01,inotersen,parent,std_L5_r1,996152.7,,,standard,500
M01,inotersen,parent,std_L5_r2,1027184.1,,,standard,500
M01,inotersen,parent,QC_low,6557.6,,,quality_control,3
M01,inotersen,parent,QC_mid,105576.0,,,quality_control,50
M01,inotersen,parent,QC_high,739571.4,,,quality_control,400
M01,inotersen,parent,RB_01,244.1,,,reagent_blank,
M01,inotersen,parent,MB_01,386.3,,,matrix_blank,
M01,inotersen,parent,active_t0_r1,221419.2,active,0,unknown,
M01,inotersen,parent,active_t0_r2,227791.6,active,0,unknown,
M01,inotersen,parent,active_t0_r3,241557.7,active,0,unknown,
M01,inotersen,parent,active_t4_r1,205750.2,active,4,unknown,
M01,inotersen,parent,active_t4_r2,211989.7,active,4,unknown,
M01,inotersen,parent,active_t4_r3,206547.1,active,4,unknown,
M01,inotersen,parent,active_t24_r1,117935.5,active,24,unknown,
M01,inotersen,parent,active_t24_r2,120802.7,active,24,unknown,
M01,inotersen,parent,active_t24_r3,117159.1,active,24,unknown,
M01,inotersen,parent,active_t48_r1,54688.3,active,48,unknown,
M01,inotersen,parent,active_t48_r2,57908.9,active,48,unknown,
M01,inotersen,parent,active_t48_r3,56745.9,active,48,unknown,
M01,inotersen,parent,heat_inactivated_t0_r1,239758.6,heat_inactivated,0,unknown,
M01,inotersen,parent,heat_inactivated_t0_r2,237121.4,heat_inactivated,0,unknown,
M01,inotersen,parent,heat_inactivated_t0_r3,246969.2,heat_inactivated,0,unknown,
M01,inotersen,parent,heat_inactivated_t4_r1,247076.5,heat_inactivated,4,unknown,
M01,inotersen,parent,heat_inactivated_t4_r2,265735.8,heat_inactivated,4,unknown,
M01,inotersen,parent,heat_inactivated_t4_r3,241570.3,heat_inactivated,4,unknown,
M01,inotersen,parent,heat_inactivated_t24_r1,225070.0,heat_inactivated,24,unknown,
M01,inotersen,parent,heat_inactivated_t24_r2,234718.0,heat_inactivated,24,unknown,
M01,inotersen,parent,heat_inactivated_t24_r3,243984.5,heat_inactivated,24,unknown,
M01,inotersen,parent,heat_inactivated_t48_r1,232814.8,heat_inactivated,48,unknown,
M01,inotersen,parent,heat_inactivated_t48_r2,242463.4,heat_inactivated,48,unknown,
M01,inotersen,parent,heat_inactivated_t48_r3,242206.6,heat_inactivated,48,unknown,
M02,inotersen 3' N-1,exo_3p,std_L1_r1,1836.8,,,standard,1
M02,inotersen 3' N-1,exo_3p,std_L1_r2,1830.5,,,standard,1
M02,inotersen 3' N-1,exo_3p,std_L2_r1,8066.8,,,standard,5
M02,inotersen 3' N-1,exo_3p,std_L2_r2,7653.9,,,standard,5
M02,inotersen 3' N-1,exo_3p,std_L3_r1,38396.0,,,standard,25
M02,inotersen 3' N-1,exo_3p,std_L3_r2,36681.9,,,standard,25
M02,inotersen 3' N-1,exo_3p,std_L4_r1,144547.0,,,standard,100
M02,inotersen 3' N-1,exo_3p,std_L4_r2,141343.7,,,standard,100
M02,inotersen 3' N-1,exo_3p,std_L5_r1,725772.4,,,standard,500
M02,inotersen 3' N-1,exo_3p,std_L5_r2,778686.6,,,standard,500
M02,inotersen 3' N-1,exo_3p,QC_low,4682.5,,,quality_control,3
M02,inotersen 3' N-1,exo_3p,QC_mid,69180.2,,,quality_control,50
M02,inotersen 3' N-1,exo_3p,QC_high,539832.1,,,quality_control,400
M02,inotersen 3' N-1,exo_3p,RB_01,206.3,,,reagent_blank,
M02,inotersen 3' N-1,exo_3p,MB_01,388.3,,,matrix_blank,
M02,inotersen 3' N-1,exo_3p,active_t0_r1,3216.4,active,0,unknown,
M02,inotersen 3' N-1,exo_3p,active_t0_r2,3512.5,active,0,unknown,
M02,inotersen 3' N-1,exo_3p,active_t0_r3,3451.2,active,0,unknown,
M02,inotersen 3' N-1,exo_3p,active_t4_r1,11874.9,active,4,unknown,
M02,inotersen 3' N-1,exo_3p,active_t4_r2,11305.3,active,4,unknown,
M02,inotersen 3' N-1,exo_3p,active_t4_r3,11730.8,active,4,unknown,
M02,inotersen 3' N-1,exo_3p,active_t24_r1,41180.1,active,24,unknown,
M02,inotersen 3' N-1,exo_3p,active_t24_r2,41165.0,active,24,unknown,
M02,inotersen 3' N-1,exo_3p,active_t24_r3,41741.3,active,24,unknown,
M02,inotersen 3' N-1,exo_3p,active_t48_r1,58809.4,active,48,unknown,
M02,inotersen 3' N-1,exo_3p,active_t48_r2,57025.0,active,48,unknown,
M02,inotersen 3' N-1,exo_3p,active_t48_r3,58095.0,active,48,unknown,
M02,inotersen 3' N-1,exo_3p,heat_inactivated_t0_r1,3425.9,heat_inactivated,0,unknown,
M02,inotersen 3' N-1,exo_3p,heat_inactivated_t0_r2,3382.3,heat_inactivated,0,unknown,
M02,inotersen 3' N-1,exo_3p,heat_inactivated_t0_r3,3103.0,heat_inactivated,0,unknown,
M02,inotersen 3' N-1,exo_3p,heat_inactivated_t4_r1,3607.7,heat_inactivated,4,unknown,
M02,inotersen 3' N-1,exo_3p,heat_inactivated_t4_r2,3422.9,heat_inactivated,4,unknown,
M02,inotersen 3' N-1,exo_3p,heat_inactivated_t4_r3,3679.1,heat_inactivated,4,unknown,
M02,inotersen 3' N-1,exo_3p,heat_inactivated_t24_r1,4713.0,heat_inactivated,24,unknown,
M02,inotersen 3' N-1,exo_3p,heat_inactivated_t24_r2,4779.0,heat_inactivated,24,unknown,
M02,inotersen 3' N-1,exo_3p,heat_inactivated_t24_r3,4971.8,heat_inactivated,24,unknown,
M02,inotersen 3' N-1,exo_3p,heat_inactivated_t48_r1,6783.8,heat_inactivated,48,unknown,
M02,inotersen 3' N-1,exo_3p,heat_inactivated_t48_r2,6626.1,heat_inactivated,48,unknown,
M02,inotersen 3' N-1,exo_3p,heat_inactivated_t48_r3,6604.0,heat_inactivated,48,unknown,
M03,inotersen 3' N-2,exo_3p,std_L1_r1,238.7,,,standard,1
M03,inotersen 3' N-2,exo_3p,std_L1_r2,301.8,,,standard,1
M03,inotersen 3' N-2,exo_3p,std_L2_r1,275.3,,,standard,5
M03,inotersen 3' N-2,exo_3p,std_L2_r2,265.3,,,standard,5
M03,inotersen 3' N-2,exo_3p,std_L3_r1,216.9,,,standard,25
M03,inotersen 3' N-2,exo_3p,std_L3_r2,232.8,,,standard,25
M03,inotersen 3' N-2,exo_3p,std_L4_r1,224.0,,,standard,100
M03,inotersen 3' N-2,exo_3p,std_L4_r2,252.4,,,standard,100
M03,inotersen 3' N-2,exo_3p,std_L5_r1,274.9,,,standard,500
M03,inotersen 3' N-2,exo_3p,std_L5_r2,322.0,,,standard,500
M03,inotersen 3' N-2,exo_3p,QC_low,227.4,,,quality_control,3
M03,inotersen 3' N-2,exo_3p,QC_mid,177.1,,,quality_control,50
M03,inotersen 3' N-2,exo_3p,QC_high,267.9,,,quality_control,400
M03,inotersen 3' N-2,exo_3p,RB_01,209.8,,,reagent_blank,
M03,inotersen 3' N-2,exo_3p,MB_01,240.2,,,matrix_blank,
M03,inotersen 3' N-2,exo_3p,active_t0_r1,2791.0,active,0,unknown,
M03,inotersen 3' N-2,exo_3p,active_t0_r2,2759.6,active,0,unknown,
M03,inotersen 3' N-2,exo_3p,active_t0_r3,2628.6,active,0,unknown,
M03,inotersen 3' N-2,exo_3p,active_t4_r1,6305.9,active,4,unknown,
M03,inotersen 3' N-2,exo_3p,active_t4_r2,6291.4,active,4,unknown,
M03,inotersen 3' N-2,exo_3p,active_t4_r3,6225.6,active,4,unknown,
M03,inotersen 3' N-2,exo_3p,active_t24_r1,17358.3,active,24,unknown,
M03,inotersen 3' N-2,exo_3p,active_t24_r2,18887.5,active,24,unknown,
M03,inotersen 3' N-2,exo_3p,active_t24_r3,17246.2,active,24,unknown,
M03,inotersen 3' N-2,exo_3p,active_t48_r1,25069.7,active,48,unknown,
M03,inotersen 3' N-2,exo_3p,active_t48_r2,27075.1,active,48,unknown,
M03,inotersen 3' N-2,exo_3p,active_t48_r3,21983.7,active,48,unknown,
M03,inotersen 3' N-2,exo_3p,heat_inactivated_t0_r1,2792.5,heat_inactivated,0,unknown,
M03,inotersen 3' N-2,exo_3p,heat_inactivated_t0_r2,2817.9,heat_inactivated,0,unknown,
M03,inotersen 3' N-2,exo_3p,heat_inactivated_t0_r3,2719.0,heat_inactivated,0,unknown,
M03,inotersen 3' N-2,exo_3p,heat_inactivated_t4_r1,2805.0,heat_inactivated,4,unknown,
M03,inotersen 3' N-2,exo_3p,heat_inactivated_t4_r2,2918.0,heat_inactivated,4,unknown,
M03,inotersen 3' N-2,exo_3p,heat_inactivated_t4_r3,2643.0,heat_inactivated,4,unknown,
M03,inotersen 3' N-2,exo_3p,heat_inactivated_t24_r1,3554.3,heat_inactivated,24,unknown,
M03,inotersen 3' N-2,exo_3p,heat_inactivated_t24_r2,3486.6,heat_inactivated,24,unknown,
M03,inotersen 3' N-2,exo_3p,heat_inactivated_t24_r3,3116.1,heat_inactivated,24,unknown,
M03,inotersen 3' N-2,exo_3p,heat_inactivated_t48_r1,4292.4,heat_inactivated,48,unknown,
M03,inotersen 3' N-2,exo_3p,heat_inactivated_t48_r2,3929.2,heat_inactivated,48,unknown,
M03,inotersen 3' N-2,exo_3p,heat_inactivated_t48_r3,3677.7,heat_inactivated,48,unknown,
M04,inotersen 3' N-3,exo_3p,std_L1_r1,234.2,,,standard,1
M04,inotersen 3' N-3,exo_3p,std_L1_r2,262.4,,,standard,1
M04,inotersen 3' N-3,exo_3p,std_L2_r1,274.9,,,standard,5
M04,inotersen 3' N-3,exo_3p,std_L2_r2,247.7,,,standard,5
M04,inotersen 3' N-3,exo_3p,std_L3_r1,335.9,,,standard,25
M04,inotersen 3' N-3,exo_3p,std_L3_r2,244.7,,,standard,25
M04,inotersen 3' N-3,exo_3p,std_L4_r1,311.0,,,standard,100
M04,inotersen 3' N-3,exo_3p,std_L4_r2,315.3,,,standard,100
M04,inotersen 3' N-3,exo_3p,std_L5_r1,246.9,,,standard,500
M04,inotersen 3' N-3,exo_3p,std_L5_r2,268.1,,,standard,500
M04,inotersen 3' N-3,exo_3p,QC_low,186.8,,,quality_control,3
M04,inotersen 3' N-3,exo_3p,QC_mid,262.0,,,quality_control,50
M04,inotersen 3' N-3,exo_3p,QC_high,213.2,,,quality_control,400
M04,inotersen 3' N-3,exo_3p,RB_01,217.4,,,reagent_blank,
M04,inotersen 3' N-3,exo_3p,MB_01,439.7,,,matrix_blank,
M04,inotersen 3' N-3,exo_3p,active_t0_r1,2504.4,active,0,unknown,
M04,inotersen 3' N-3,exo_3p,active_t0_r2,2683.8,active,0,unknown,
M04,inotersen 3' N-3,exo_3p,active_t0_r3,2655.2,active,0,unknown,
M04,inotersen 3' N-3,exo_3p,active_t4_r1,4251.3,active,4,unknown,
M04,inotersen 3' N-3,exo_3p,active_t4_r2,4150.5,active,4,unknown,
M04,inotersen 3' N-3,exo_3p,active_t4_r3,4477.1,active,4,unknown,
M04,inotersen 3' N-3,exo_3p,active_t24_r1,10202.7,active,24,unknown,
M04,inotersen 3' N-3,exo_3p,active_t24_r2,10221.9,active,24,unknown,
M04,inotersen 3' N-3,exo_3p,active_t24_r3,10246.5,active,24,unknown,
M04,inotersen 3' N-3,exo_3p,active_t48_r1,13818.9,active,48,unknown,
M04,inotersen 3' N-3,exo_3p,active_t48_r2,13882.7,active,48,unknown,
M04,inotersen 3' N-3,exo_3p,active_t48_r3,13421.6,active,48,unknown,
M04,inotersen 3' N-3,exo_3p,heat_inactivated_t0_r1,2861.0,heat_inactivated,0,unknown,
M04,inotersen 3' N-3,exo_3p,heat_inactivated_t0_r2,2410.3,heat_inactivated,0,unknown,
M04,inotersen 3' N-3,exo_3p,heat_inactivated_t0_r3,2829.0,heat_inactivated,0,unknown,
M04,inotersen 3' N-3,exo_3p,heat_inactivated_t4_r1,2926.6,heat_inactivated,4,unknown,
M04,inotersen 3' N-3,exo_3p,heat_inactivated_t4_r2,2728.2,heat_inactivated,4,unknown,
M04,inotersen 3' N-3,exo_3p,heat_inactivated_t4_r3,2591.0,heat_inactivated,4,unknown,
M04,inotersen 3' N-3,exo_3p,heat_inactivated_t24_r1,3132.3,heat_inactivated,24,unknown,
M04,inotersen 3' N-3,exo_3p,heat_inactivated_t24_r2,3234.9,heat_inactivated,24,unknown,
M04,inotersen 3' N-3,exo_3p,heat_inactivated_t24_r3,3212.6,heat_inactivated,24,unknown,
M04,inotersen 3' N-3,exo_3p,heat_inactivated_t48_r1,3237.2,heat_inactivated,48,unknown,
M04,inotersen 3' N-3,exo_3p,heat_inactivated_t48_r2,3512.4,heat_inactivated,48,unknown,
M04,inotersen 3' N-3,exo_3p,heat_inactivated_t48_r3,3322.6,heat_inactivated,48,unknown,
M12,inotersen 5' N-1,exo_5p,std_L1_r1,203.5,,,standard,1
M12,inotersen 5' N-1,exo_5p,std_L1_r2,269.7,,,standard,1
M12,inotersen 5' N-1,exo_5p,std_L2_r1,165.4,,,standard,5
M12,inotersen 5' N-1,exo_5p,std_L2_r2,276.0,,,standard,5
M12,inotersen 5' N-1,exo_5p,std_L3_r1,277.8,,,standard,25
M12,inotersen 5' N-1,exo_5p,std_L3_r2,281.6,,,standard,25
M12,inotersen 5' N-1,exo_5p,std_L4_r1,209.6,,,standard,100
M12,inotersen 5' N-1,exo_5p,std_L4_r2,149.3,,,standard,100
M12,inotersen 5' N-1,exo_5p,std_L5_r1,176.8,,,standard,500
M12,inotersen 5' N-1,exo_5p,std_L5_r2,256.0,,,standard,500
M12,inotersen 5' N-1,exo_5p,QC_low,201.6,,,quality_control,3
M12,inotersen 5' N-1,exo_5p,QC_mid,322.2,,,quality_control,50
M12,inotersen 5' N-1,exo_5p,QC_high,194.0,,,quality_control,400
M12,inotersen 5' N-1,exo_5p,RB_01,263.8,,,reagent_blank,
M12,inotersen 5' N-1,exo_5p,MB_01,416.9,,,matrix_blank,
M12,inotersen 5' N-1,exo_5p,active_t0_r1,2680.1,active,0,unknown,
M12,inotersen 5' N-1,exo_5p,active_t0_r2,2735.1,active,0,unknown,
M12,inotersen 5' N-1,exo_5p,active_t0_r3,2812.5,active,0,unknown,
M12,inotersen 5' N-1,exo_5p,active_t4_r1,4858.7,active,4,unknown,
M12,inotersen 5' N-1,exo_5p,active_t4_r2,5401.8,active,4,unknown,
M12,inotersen 5' N-1,exo_5p,active_t4_r3,5213.5,active,4,unknown,
M12,inotersen 5' N-1,exo_5p,active_t24_r1,14102.0,active,24,unknown,
M12,inotersen 5' N-1,exo_5p,active_t24_r2,13550.4,active,24,unknown,
M12,inotersen 5' N-1,exo_5p,active_t24_r3,14799.3,active,24,unknown,
M12,inotersen 5' N-1,exo_5p,active_t48_r1,18851.5,active,48,unknown,
M12,inotersen 5' N-1,exo_5p,active_t48_r2,18757.1,active,48,unknown,
M12,inotersen 5' N-1,exo_5p,active_t48_r3,19956.2,active,48,unknown,
M12,inotersen 5' N-1,exo_5p,heat_inactivated_t0_r1,2516.2,heat_inactivated,0,unknown,
M12,inotersen 5' N-1,exo_5p,heat_inactivated_t0_r2,2817.6,heat_inactivated,0,unknown,
M12,inotersen 5' N-1,exo_5p,heat_inactivated_t0_r3,2683.9,heat_inactivated,0,unknown,
M12,inotersen 5' N-1,exo_5p,heat_inactivated_t4_r1,2903.1,heat_inactivated,4,unknown,
M12,inotersen 5' N-1,exo_5p,heat_inactivated_t4_r2,2801.0,heat_inactivated,4,unknown,
M12,inotersen 5' N-1,exo_5p,heat_inactivated_t4_r3,2854.8,heat_inactivated,4,unknown,
M12,inotersen 5' N-1,exo_5p,heat_inactivated_t24_r1,3401.5,heat_inactivated,24,unknown,
M12,inotersen 5' N-1,exo_5p,heat_inactivated_t24_r2,3097.8,heat_inactivated,24,unknown,
M12,inotersen 5' N-1,exo_5p,heat_inactivated_t24_r3,3199.9,heat_inactivated,24,unknown,
M12,inotersen 5' N-1,exo_5p,heat_inactivated_t48_r1,3881.0,heat_inactivated,48,unknown,
M12,inotersen 5' N-1,exo_5p,heat_inactivated_t48_r2,3729.4,heat_inactivated,48,unknown,
M12,inotersen 5' N-1,exo_5p,heat_inactivated_t48_r3,3437.0,heat_inactivated,48,unknown,
M13,inotersen 5' N-2,exo_5p,std_L1_r1,239.3,,,standard,1
M13,inotersen 5' N-2,exo_5p,std_L1_r2,259.3,,,standard,1
M13,inotersen 5' N-2,exo_5p,std_L2_r1,162.8,,,standard,5
M13,inotersen 5' N-2,exo_5p,std_L2_r2,217.9,,,standard,5
M13,inotersen 5' N-2,exo_5p,std_L3_r1,309.9,,,standard,25
M13,inotersen 5' N-2,exo_5p,std_L3_r2,262.4,,,standard,25
M13,inotersen 5' N-2,exo_5p,std_L4_r1,262.2,,,standard,100
M13,inotersen 5' N-2,exo_5p,std_L4_r2,233.9,,,standard,100
M13,inotersen 5' N-2,exo_5p,std_L5_r1,291.4,,,standard,500
M13,inotersen 5' N-2,exo_5p,std_L5_r2,185.0,,,standard,500
M13,inotersen 5' N-2,exo_5p,QC_low,223.4,,,quality_control,3
M13,inotersen 5' N-2,exo_5p,QC_mid,278.9,,,quality_control,50
M13,inotersen 5' N-2,exo_5p,QC_high,298.9,,,quality_control,400
M13,inotersen 5' N-2,exo_5p,RB_01,224.8,,,reagent_blank,
M13,inotersen 5' N-2,exo_5p,MB_01,387.1,,,matrix_blank,
M13,inotersen 5' N-2,exo_5p,active_t4_r1,3495.2,active,4,unknown,
M13,inotersen 5' N-2,exo_5p,active_t4_r2,3335.9,active,4,unknown,
M13,inotersen 5' N-2,exo_5p,active_t4_r3,3534.2,active,4,unknown,
M13,inotersen 5' N-2,exo_5p,active_t24_r1,6395.6,active,24,unknown,
M13,inotersen 5' N-2,exo_5p,active_t24_r2,6300.1,active,24,unknown,
M13,inotersen 5' N-2,exo_5p,active_t24_r3,5739.3,active,24,unknown,
M13,inotersen 5' N-2,exo_5p,active_t48_r1,8408.9,active,48,unknown,
M13,inotersen 5' N-2,exo_5p,active_t48_r2,8161.5,active,48,unknown,
M13,inotersen 5' N-2,exo_5p,active_t48_r3,7811.1,active,48,unknown,
M13,inotersen 5' N-2,exo_5p,heat_inactivated_t0_r1,2661.8,heat_inactivated,0,unknown,
M13,inotersen 5' N-2,exo_5p,heat_inactivated_t0_r2,2543.7,heat_inactivated,0,unknown,
M13,inotersen 5' N-2,exo_5p,heat_inactivated_t0_r3,2720.6,heat_inactivated,0,unknown,
M13,inotersen 5' N-2,exo_5p,heat_inactivated_t4_r1,2696.7,heat_inactivated,4,unknown,
M13,inotersen 5' N-2,exo_5p,heat_inactivated_t4_r2,2805.7,heat_inactivated,4,unknown,
M13,inotersen 5' N-2,exo_5p,heat_inactivated_t4_r3,2623.6,heat_inactivated,4,unknown,
M13,inotersen 5' N-2,exo_5p,heat_inactivated_t24_r1,2763.1,heat_inactivated,24,unknown,
M13,inotersen 5' N-2,exo_5p,heat_inactivated_t24_r2,3049.9,heat_inactivated,24,unknown,
M13,inotersen 5' N-2,exo_5p,heat_inactivated_t24_r3,2801.5,heat_inactivated,24,unknown,
M13,inotersen 5' N-2,exo_5p,heat_inactivated_t48_r1,3218.1,heat_inactivated,48,unknown,
M13,inotersen 5' N-2,exo_5p,heat_inactivated_t48_r2,3052.5,heat_inactivated,48,unknown,
M13,inotersen 5' N-2,exo_5p,heat_inactivated_t48_r3,3136.9,heat_inactivated,48,unknown,
