sample,group,timepoint,sample_type,concentration
std_L1_r1,,,standard,1
std_L1_r2,,,standard,1
std_L2_r1,,,standard,5
std_L2_r2,,,standard,5
std_L3_r1,,,standard,25
std_L3_r2,,,standard,25
std_L4_r1,,,standard,100
std_L4_r2,,,standard,100
std_L5_r1,,,standard,500
std_L5_r2,,,standard,500
QC_low,,,quality_control,3
QC_mid,,,quality_control,50
QC_high,,,quality_control,400
RB_01,,,reagent_blank,
MB_01,,,matrix_blank,
active_t0_r1,active,0,unknown,
active_t0_r2,active,0,unknown,
active_t0_r3,active,0,unknown,
active_t4_r1,active,4,unknown,
active_t4_r2,active,4,unknown,
active_t4_r3,active,4,unknown,
active_t24_r1,active,24,unknown,
active_t24_r2,active,24,unknown,
active_t24_r3,active,24,unknown,
active_t48_r1,active,48,unknown,
active_t48_r2,active,48,unknown,
active_t48_r3,active,48,unknown,
heat_inactivated_t0_r1,heat_inactivated,0,unknown,
heat_inactivated_t0_r2,heat_inactivated,0,unknown,
heat_inactivated_t0_r3,heat_inactivated,0,unknown,
heat_inactivated_t4_r1,heat_inactivated,4,unknown,
heat_inactivated_t4_r2,heat_inactivated,4,unknown,
heat_inactivated_t4_r3,heat_inactivated,4,unknown,
heat_inactivated_t24_r1,heat_inactivated,24,unknown,
heat_inactivated_t24_r2,heat_inactivated,24,unknown,
heat_inactivated_t24_r3,heat_inactivated,24,unknown,
heat_inactivated_t48_r1,heat_inactivated,48,unknown,
heat_inactivated_t48_r2,heat_inactivated,48,unknown,
heat_inactivated_t48_r3,heat_inactivated,48,unknown,
